command,mean,stddev,median,user,system,min,max
sudo ctr run --rm --runtime=io.containerd.runc.v2 docker.io/rommeloo/mandelbrot-linux:v1 bench-linux /mandelbrot  > /dev/null,2.7003834918000003,0.16393530605308698,2.69183921446,0.0038144079999999996,0.0076976311999999965,2.40907141796,3.2723767229600003
sudo ctr run --rm --runc-binary crun --runtime=io.containerd.runc.v2 docker.io/rommeloo/mandelbrot-linux:v1 bench-linux-crun /mandelbrot  > /dev/null,2.4701295158,0.11402723051165078,2.4623725394600005,0.004213728000000001,0.007430111200000001,2.19971853096,2.67954268396
sudo ctr run --rm --runc-binary crun --label module.wasm.image/variant=compat-smart --runtime=io.containerd.runc.v2 docker.io/rommeloo/mandelbrot-runwasi:v1 bench-wasm-crun /mandelbrot.wasm  > /dev/null,2.3328924620200002,0.10061084824944407,2.3238824844600003,0.0035866464,0.007922284,1.9900245019600002,2.5075258009600003
sudo ctr run --rm --runtime=io.containerd.wasmtime.v1 docker.io/rommeloo/mandelbrot-runwasi:v1 bench-wasm-runwasi /mandelbrot.wasm  > /dev/null,2.7704947079999998,0.1744329311129765,2.77234039446,0.0035981063999999995,0.008132158399999999,2.36507461796,3.1497956829600002
sudo ctr run --rm --runtime=io.containerd.spin.v2 docker.io/rommeloo/mandelbrot-spin:v1 bench-spin /mandelbrot.wasm  > /dev/null,3.034956856940001,0.17538333136455578,3.02391804796,0.004044667200000001,0.007341871199999999,2.64137361996,3.53547292296
