command,mean,stddev,median,user,system,min,max,parameter_threads
CONCURRENCY=1 ./scaling-run.sh --worker io.containerd.runc.v2 docker.io/rommeloo/mandelbrot-linux:v1 bench-linux /mandelbrot,1.0659685651200002,0.08223176110776703,1.03660050622,0.00383004,0.004298154,0.9847783827200001,1.2522509827200001,1
CONCURRENCY=1 ./scaling-run.sh --worker io.containerd.wasmtime.v1 docker.io/rommeloo/mandelbrot-runwasi:v1 bench-wasm /mandelbrot.wasm,1.35965645452,0.1257265670504132,1.32791555922,0.0038020399999999996,0.004138359999999999,1.23048861172,1.60915374372,1
CONCURRENCY=1 ./scaling-run.sh --worker io.containerd.spin.v2 docker.io/rommeloo/mandelbrot-spin:v1 bench-spin /mandelbrot.wasm,1.30706850312,0.1577182640430222,1.28981012172,0.00436234,0.0037004600000000005,1.08707048072,1.58823589772,1
CONCURRENCY=10 ./scaling-run.sh --worker io.containerd.runc.v2 docker.io/rommeloo/mandelbrot-linux:v1 bench-linux /mandelbrot,7.21760054272,0.25307701225980295,7.14999078372,0.02248074,0.03891855999999999,6.94358551572,7.63611845172,10
CONCURRENCY=10 ./scaling-run.sh --worker io.containerd.wasmtime.v1 docker.io/rommeloo/mandelbrot-runwasi:v1 bench-wasm /mandelbrot.wasm,8.030592115320001,0.38528783397864874,7.89373782022,0.02142764,0.03876046000000001,7.56241227372,8.770753282720001,10
CONCURRENCY=10 ./scaling-run.sh --worker io.containerd.spin.v2 docker.io/rommeloo/mandelbrot-spin:v1 bench-spin /mandelbrot.wasm,7.56034419482,0.5655594785465878,7.49219529922,0.02616894,0.03431476,6.846012626719999,8.48616773272,10
CONCURRENCY=20 ./scaling-run.sh --worker io.containerd.runc.v2 docker.io/rommeloo/mandelbrot-linux:v1 bench-linux /mandelbrot,14.95644370462,0.636040675815111,14.88894412822,0.04824523999999999,0.07987725999999999,14.03354153072,16.17066427372,20
CONCURRENCY=20 ./scaling-run.sh --worker io.containerd.wasmtime.v1 docker.io/rommeloo/mandelbrot-runwasi:v1 bench-wasm /mandelbrot.wasm,17.25200945092,0.3178493194864935,17.30714984822,0.05032434,0.07987605999999998,16.77922301572,17.63098986372,20
CONCURRENCY=20 ./scaling-run.sh --worker io.containerd.spin.v2 docker.io/rommeloo/mandelbrot-spin:v1 bench-spin /mandelbrot.wasm,14.685665794120002,0.678420558800323,14.667707830220001,0.04684274,0.08458155999999997,13.634369217720002,15.58779458072,20
